164,029;168,246;inputSlaveNetwork=2 ;dayBackRange:1 ;interationNetworkMaster:50 ;periodCodePERIOD_CODE [code=1]
163,995;168,318;inputSlaveNetwork=2 ;dayBackRange:1 ;interationNetworkMaster:50 ;periodCodePERIOD_CODE [code=1]
164,345;168,333;inputSlaveNetwork=2 ;dayBackRange:0 ;interationNetworkMaster:50 ;periodCodePERIOD_CODE [code=1]
164,877;168,337;inputSlaveNetwork=2 ;dayBackRange:1 ;interationNetworkMaster:50 ;periodCodePERIOD_CODE [code=1]
160,837;168,301;inputSlaveNetwork=2 ;dayBackRange:1 ;interationNetworkMaster:2 ;periodCodePERIOD_CODE [code=1]
163,237;168,128;inputSlaveNetwork=2 ;dayBackRange:0 ;interationNetworkMaster:100 ;periodCodePERIOD_CODE [code=1]
163,447;168,221;inputSlaveNetwork=2 ;dayBackRange:0 ;interationNetworkMaster:100 ;periodCodePERIOD_CODE [code=1]
162,768;168,189;inputSlaveNetwork=2 ;dayBackRange:0 ;interationNetworkMaster:100 ;periodCodePERIOD_CODE [code=1]
163,805;168,199;inputSlaveNetwork=2 ;dayBackRange:0 ;interationNetworkMaster:100 ;periodCodePERIOD_CODE [code=1]
164,442;168,202;inputSlaveNetwork=2 ;dayBackRange:0 ;interationNetworkMaster:100 ;periodCodePERIOD_CODE [code=1]
163,32;168,24;inputSlaveNetwork=2 ;dayBackRange:0 ;interationNetworkMaster:100 ;periodCodePERIOD_CODE [code=1]
163,906;168,272;inputSlaveNetwork=2 ;dayBackRange:0 ;interationNetworkMaster:100 ;periodCodePERIOD_CODE [code=1]
164,834;168,304;inputSlaveNetwork=2 ;dayBackRange:0 ;interationNetworkMaster:100 ;periodCodePERIOD_CODE [code=1]
163,706;168,341;inputSlaveNetwork=2 ;dayBackRange:0 ;interationNetworkMaster:100 ;periodCodePERIOD_CODE [code=1]
164,218;168,288;inputSlaveNetwork=2 ;dayBackRange:0 ;interationNetworkMaster:100 ;periodCodePERIOD_CODE [code=1]
164,823;168,288;inputSlaveNetwork=2 ;dayBackRange:0 ;interationNetworkMaster:100 ;periodCodePERIOD_CODE [code=1]
164,157;168,295;inputSlaveNetwork=2 ;dayBackRange:0 ;interationNetworkMaster:100 ;periodCodePERIOD_CODE [code=1]
165,015;168,285;inputSlaveNetwork=2 ;dayBackRange:0 ;interationNetworkMaster:100 ;periodCodePERIOD_CODE [code=1]
163,962;168,304;inputSlaveNetwork=2 ;dayBackRange:0 ;interationNetworkMaster:100 ;periodCodePERIOD_CODE [code=1]
162,985;168,263;inputSlaveNetwork=2 ;dayBackRange:0 ;interationNetworkMaster:100 ;periodCodePERIOD_CODE [code=1]
164,002;168,271;inputSlaveNetwork=2 ;dayBackRange:0 ;interationNetworkMaster:100 ;periodCodePERIOD_CODE [code=1]
164,786;168,276;inputSlaveNetwork=2 ;dayBackRange:0 ;interationNetworkMaster:100 ;periodCodePERIOD_CODE [code=1]
162,906;168,26;inputSlaveNetwork=2 ;dayBackRange:0 ;interationNetworkMaster:100 ;periodCodePERIOD_CODE [code=1]
158,231;168,242;inputSlaveNetwork=2 ;dayBackRange:0 ;interationNetworkMaster:100 ;periodCodePERIOD_CODE [code=1]
158,797;168,239;inputSlaveNetwork=2 ;dayBackRange:0 ;interationNetworkMaster:100 ;periodCodePERIOD_CODE [code=1]
157,797;168,224;inputSlaveNetwork=2 ;dayBackRange:0 ;interationNetworkMaster:100 ;periodCodePERIOD_CODE [code=1]
159,1;168,227;inputSlaveNetwork=2 ;dayBackRange:0 ;interationNetworkMaster:100 ;periodCodePERIOD_CODE [code=1]
157,844;168,229;inputSlaveNetwork=2 ;dayBackRange:0 ;interationNetworkMaster:100 ;periodCodePERIOD_CODE [code=1]
156,427;168,216;inputSlaveNetwork=2 ;dayBackRange:0 ;interationNetworkMaster:100 ;periodCodePERIOD_CODE [code=1]
156,554;168,223;inputSlaveNetwork=2 ;dayBackRange:0 ;interationNetworkMaster:100 ;periodCodePERIOD_CODE [code=1]
92,21;168,233;inputSlaveNetwork=2 ;dayBackRange:0 ;interationNetworkMaster:100 ;periodCodePERIOD_CODE [code=1]
95,524;168,229;inputSlaveNetwork=2 ;dayBackRange:0 ;interationNetworkMaster:100 ;periodCodePERIOD_CODE [code=1]
168,135;168,219;inputSlaveNetwork=2 ;dayBackRange:0 ;interationNetworkMaster:100 ;periodCodePERIOD_CODE [code=1]
168,215;168,214;inputSlaveNetwork=2 ;dayBackRange:0 ;interationNetworkMaster:100 ;periodCodePERIOD_CODE [code=1]
168,161;168,288;inputSlaveNetwork=2 ;dayBackRange:0 ;interationNetworkMaster:100 ;periodCodePERIOD_CODE [code=1]
168,251;168,257;inputSlaveNetwork=2 ;dayBackRange:0 ;interationNetworkMaster:100 ;periodCodePERIOD_CODE [code=1]
168,163;168,295;inputSlaveNetwork=2 ;dayBackRange:0 ;interationNetworkMaster:100 ;periodCodePERIOD_CODE [code=1]
168,236;168,284;inputSlaveNetwork=2 ;dayBackRange:0 ;interationNetworkMaster:100 ;periodCodePERIOD_CODE [code=1]
168,327;168,3;inputSlaveNetwork=2 ;dayBackRange:0 ;interationNetworkMaster:100 ;periodCodePERIOD_CODE [code=1]
168,334;168,3;inputSlaveNetwork=2 ;dayBackRange:0 ;interationNetworkMaster:100 ;periodCodePERIOD_CODE [code=1]
168,241;168,335;inputSlaveNetwork=2 ;dayBackRange:0 ;interationNetworkMaster:100 ;periodCodePERIOD_CODE [code=1]
168,125;168,333;inputSlaveNetwork=2 ;dayBackRange:0 ;interationNetworkMaster:100 ;periodCodePERIOD_CODE [code=1]
168,157;168,318;inputSlaveNetwork=2 ;dayBackRange:0 ;interationNetworkMaster:100 ;periodCodePERIOD_CODE [code=1]
168,321;168,294;inputSlaveNetwork=2 ;dayBackRange:0 ;interationNetworkMaster:100 ;periodCodePERIOD_CODE [code=1]
168,207;168,3;inputSlaveNetwork=2 ;dayBackRange:0 ;interationNetworkMaster:100 ;periodCodePERIOD_CODE [code=1]
168,337;168,285;inputSlaveNetwork=2 ;dayBackRange:0 ;interationNetworkMaster:100 ;periodCodePERIOD_CODE [code=1]
168,275;168,274;inputSlaveNetwork=2 ;dayBackRange:0 ;interationNetworkMaster:100 ;periodCodePERIOD_CODE [code=1]
168,228;168,257;inputSlaveNetwork=2 ;dayBackRange:0 ;interationNetworkMaster:100 ;periodCodePERIOD_CODE [code=1]
168,166;168,248;inputSlaveNetwork=2 ;dayBackRange:0 ;interationNetworkMaster:100 ;periodCodePERIOD_CODE [code=1]
168,45;168,202;inputSlaveNetwork=2 ;dayBackRange:0 ;interationNetworkMaster:100 ;periodCodePERIOD_CODE [code=1]
168,261;168,217;inputSlaveNetwork=2 ;dayBackRange:0 ;interationNetworkMaster:100 ;periodCodePERIOD_CODE [code=1]
175,157;168,189;inputSlaveNetwork=2 ;dayBackRange:0 ;interationNetworkMaster:100 ;periodCodePERIOD_CODE [code=60]
174,729;168,176;inputSlaveNetwork=2 ;dayBackRange:0 ;interationNetworkMaster:100 ;periodCodePERIOD_CODE [code=60]
174,655;168,22;inputSlaveNetwork=2 ;dayBackRange:0 ;interationNetworkMaster:100 ;periodCodePERIOD_CODE [code=60]
175,133;168,238;inputSlaveNetwork=2 ;dayBackRange:0 ;interationNetworkMaster:100 ;periodCodePERIOD_CODE [code=60]
174,979;168,239;inputSlaveNetwork=2 ;dayBackRange:0 ;interationNetworkMaster:100 ;periodCodePERIOD_CODE [code=60]
174,806;168,257;inputSlaveNetwork=2 ;dayBackRange:0 ;interationNetworkMaster:100 ;periodCodePERIOD_CODE [code=60]
174,876;168,265;inputSlaveNetwork=2 ;dayBackRange:0 ;interationNetworkMaster:100 ;periodCodePERIOD_CODE [code=60]
174,927;168,248;inputSlaveNetwork=2 ;dayBackRange:0 ;interationNetworkMaster:100 ;periodCodePERIOD_CODE [code=60]
175,149;168,227;inputSlaveNetwork=2 ;dayBackRange:0 ;interationNetworkMaster:100 ;periodCodePERIOD_CODE [code=60]
174,946;168,218;inputSlaveNetwork=2 ;dayBackRange:0 ;interationNetworkMaster:100 ;periodCodePERIOD_CODE [code=60]
174,622;168,191;inputSlaveNetwork=2 ;dayBackRange:0 ;interationNetworkMaster:100 ;periodCodePERIOD_CODE [code=60]
174,962;168,192;inputSlaveNetwork=2 ;dayBackRange:0 ;interationNetworkMaster:100 ;periodCodePERIOD_CODE [code=60]
174,714;168,195;inputSlaveNetwork=2 ;dayBackRange:0 ;interationNetworkMaster:100 ;periodCodePERIOD_CODE [code=60]
175,064;168,187;inputSlaveNetwork=2 ;dayBackRange:0 ;interationNetworkMaster:100 ;periodCodePERIOD_CODE [code=60]
175,126;168,182;inputSlaveNetwork=2 ;dayBackRange:0 ;interationNetworkMaster:100 ;periodCodePERIOD_CODE [code=60]
174,765;168,166;inputSlaveNetwork=2 ;dayBackRange:0 ;interationNetworkMaster:100 ;periodCodePERIOD_CODE [code=60]
175,345;168,164;inputSlaveNetwork=2 ;dayBackRange:0 ;interationNetworkMaster:100 ;periodCodePERIOD_CODE [code=60]
174,651;168,163;inputSlaveNetwork=2 ;dayBackRange:0 ;interationNetworkMaster:100 ;periodCodePERIOD_CODE [code=60]
174,907;168,155;inputSlaveNetwork=2 ;dayBackRange:0 ;interationNetworkMaster:100 ;periodCodePERIOD_CODE [code=60]
175,169;168,129;inputSlaveNetwork=2 ;dayBackRange:0 ;interationNetworkMaster:100 ;periodCodePERIOD_CODE [code=60]
175,117;168,111;inputSlaveNetwork=2 ;dayBackRange:0 ;interationNetworkMaster:100 ;periodCodePERIOD_CODE [code=60]
174,93;168,107;inputSlaveNetwork=2 ;dayBackRange:0 ;interationNetworkMaster:100 ;periodCodePERIOD_CODE [code=60]
174,978;168,119;inputSlaveNetwork=2 ;dayBackRange:0 ;interationNetworkMaster:100 ;periodCodePERIOD_CODE [code=60]
175,029;168,122;inputSlaveNetwork=2 ;dayBackRange:0 ;interationNetworkMaster:100 ;periodCodePERIOD_CODE [code=60]
175,224;168,101;inputSlaveNetwork=2 ;dayBackRange:0 ;interationNetworkMaster:100 ;periodCodePERIOD_CODE [code=60]
175,192;168,05;inputSlaveNetwork=2 ;dayBackRange:0 ;interationNetworkMaster:100 ;periodCodePERIOD_CODE [code=60]
175,04;168,074;inputSlaveNetwork=2 ;dayBackRange:0 ;interationNetworkMaster:100 ;periodCodePERIOD_CODE [code=60]
175,373;168,084;inputSlaveNetwork=2 ;dayBackRange:0 ;interationNetworkMaster:100 ;periodCodePERIOD_CODE [code=60]
175,041;168,081;inputSlaveNetwork=2 ;dayBackRange:0 ;interationNetworkMaster:100 ;periodCodePERIOD_CODE [code=60]
175,07;168,074;inputSlaveNetwork=2 ;dayBackRange:0 ;interationNetworkMaster:100 ;periodCodePERIOD_CODE [code=60]
175,009;168,07;inputSlaveNetwork=2 ;dayBackRange:0 ;interationNetworkMaster:100 ;periodCodePERIOD_CODE [code=60]
175,003;168,064;inputSlaveNetwork=2 ;dayBackRange:0 ;interationNetworkMaster:100 ;periodCodePERIOD_CODE [code=60]
174,771;168,047;inputSlaveNetwork=2 ;dayBackRange:0 ;interationNetworkMaster:100 ;periodCodePERIOD_CODE [code=60]
175,038;168,03;inputSlaveNetwork=2 ;dayBackRange:0 ;interationNetworkMaster:100 ;periodCodePERIOD_CODE [code=60]
175,214;168,03;inputSlaveNetwork=2 ;dayBackRange:0 ;interationNetworkMaster:100 ;periodCodePERIOD_CODE [code=60]
175,029;168,018;inputSlaveNetwork=2 ;dayBackRange:0 ;interationNetworkMaster:100 ;periodCodePERIOD_CODE [code=60]
174,967;168,002;inputSlaveNetwork=2 ;dayBackRange:0 ;interationNetworkMaster:100 ;periodCodePERIOD_CODE [code=60]
174,716;168,008;inputSlaveNetwork=2 ;dayBackRange:0 ;interationNetworkMaster:100 ;periodCodePERIOD_CODE [code=60]
175,116;167,994;inputSlaveNetwork=2 ;dayBackRange:0 ;interationNetworkMaster:100 ;periodCodePERIOD_CODE [code=60]
175,301;167,993;inputSlaveNetwork=2 ;dayBackRange:0 ;interationNetworkMaster:100 ;periodCodePERIOD_CODE [code=60]
175,038;168,005;inputSlaveNetwork=2 ;dayBackRange:0 ;interationNetworkMaster:100 ;periodCodePERIOD_CODE [code=60]
175,098;168,004;inputSlaveNetwork=2 ;dayBackRange:0 ;interationNetworkMaster:100 ;periodCodePERIOD_CODE [code=60]
175,263;168,004;inputSlaveNetwork=2 ;dayBackRange:0 ;interationNetworkMaster:100 ;periodCodePERIOD_CODE [code=60]
175,33;168,0;inputSlaveNetwork=2 ;dayBackRange:0 ;interationNetworkMaster:100 ;periodCodePERIOD_CODE [code=60]
174,744;168,002;inputSlaveNetwork=2 ;dayBackRange:0 ;interationNetworkMaster:100 ;periodCodePERIOD_CODE [code=60]
175,099;167,996;inputSlaveNetwork=2 ;dayBackRange:0 ;interationNetworkMaster:100 ;periodCodePERIOD_CODE [code=60]
174,675;167,989;inputSlaveNetwork=2 ;dayBackRange:0 ;interationNetworkMaster:100 ;periodCodePERIOD_CODE [code=60]
175,181;167,994;inputSlaveNetwork=2 ;dayBackRange:0 ;interationNetworkMaster:100 ;periodCodePERIOD_CODE [code=60]
174,921;167,983;inputSlaveNetwork=2 ;dayBackRange:0 ;interationNetworkMaster:100 ;periodCodePERIOD_CODE [code=60]
174,688;167,994;inputSlaveNetwork=2 ;dayBackRange:0 ;interationNetworkMaster:100 ;periodCodePERIOD_CODE [code=60]
175,126;167,965;inputSlaveNetwork=2 ;dayBackRange:0 ;interationNetworkMaster:100 ;periodCodePERIOD_CODE [code=60]
174,947;167,961;inputSlaveNetwork=2 ;dayBackRange:0 ;interationNetworkMaster:100 ;periodCodePERIOD_CODE [code=60]
175,049;167,997;inputSlaveNetwork=2 ;dayBackRange:0 ;interationNetworkMaster:100 ;periodCodePERIOD_CODE [code=60]
174,951;167,998;inputSlaveNetwork=2 ;dayBackRange:0 ;interationNetworkMaster:100 ;periodCodePERIOD_CODE [code=60]
175,108;167,994;inputSlaveNetwork=2 ;dayBackRange:0 ;interationNetworkMaster:100 ;periodCodePERIOD_CODE [code=60]
175,269;168,0;inputSlaveNetwork=2 ;dayBackRange:0 ;interationNetworkMaster:100 ;periodCodePERIOD_CODE [code=60]
174,987;167,994;inputSlaveNetwork=2 ;dayBackRange:0 ;interationNetworkMaster:100 ;periodCodePERIOD_CODE [code=60]
175,005;167,993;inputSlaveNetwork=2 ;dayBackRange:0 ;interationNetworkMaster:100 ;periodCodePERIOD_CODE [code=60]
175,131;167,997;inputSlaveNetwork=2 ;dayBackRange:0 ;interationNetworkMaster:100 ;periodCodePERIOD_CODE [code=60]
174,817;167,987;inputSlaveNetwork=2 ;dayBackRange:0 ;interationNetworkMaster:100 ;periodCodePERIOD_CODE [code=60]
174,693;167,995;inputSlaveNetwork=2 ;dayBackRange:0 ;interationNetworkMaster:100 ;periodCodePERIOD_CODE [code=60]
175,013;167,99;inputSlaveNetwork=2 ;dayBackRange:0 ;interationNetworkMaster:100 ;periodCodePERIOD_CODE [code=60]
175,134;167,995;inputSlaveNetwork=2 ;dayBackRange:0 ;interationNetworkMaster:100 ;periodCodePERIOD_CODE [code=60]
175,262;167,987;inputSlaveNetwork=2 ;dayBackRange:0 ;interationNetworkMaster:100 ;periodCodePERIOD_CODE [code=60]
175,076;167,985;inputSlaveNetwork=2 ;dayBackRange:0 ;interationNetworkMaster:100 ;periodCodePERIOD_CODE [code=60]
174,968;167,962;inputSlaveNetwork=2 ;dayBackRange:0 ;interationNetworkMaster:100 ;periodCodePERIOD_CODE [code=60]
174,899;167,949;inputSlaveNetwork=2 ;dayBackRange:0 ;interationNetworkMaster:100 ;periodCodePERIOD_CODE [code=60]
175,145;167,941;inputSlaveNetwork=2 ;dayBackRange:0 ;interationNetworkMaster:100 ;periodCodePERIOD_CODE [code=60]
175,08;167,931;inputSlaveNetwork=2 ;dayBackRange:0 ;interationNetworkMaster:100 ;periodCodePERIOD_CODE [code=60]
175,187;167,926;inputSlaveNetwork=2 ;dayBackRange:0 ;interationNetworkMaster:100 ;periodCodePERIOD_CODE [code=60]
159,491;167,967;inputSlaveNetwork=2 ;dayBackRange:0 ;interationNetworkMaster:100 ;periodCodePERIOD_CODE [code=60]
158,973;168,029;inputSlaveNetwork=2 ;dayBackRange:0 ;interationNetworkMaster:100 ;periodCodePERIOD_CODE [code=60]
159,422;168,012;inputSlaveNetwork=2 ;dayBackRange:0 ;interationNetworkMaster:100 ;periodCodePERIOD_CODE [code=60]
159,335;168,034;inputSlaveNetwork=2 ;dayBackRange:0 ;interationNetworkMaster:100 ;periodCodePERIOD_CODE [code=60]
158,282;168,027;inputSlaveNetwork=2 ;dayBackRange:0 ;interationNetworkMaster:100 ;periodCodePERIOD_CODE [code=60]
158,889;168,032;inputSlaveNetwork=2 ;dayBackRange:0 ;interationNetworkMaster:100 ;periodCodePERIOD_CODE [code=60]
156,667;168,032;inputSlaveNetwork=2 ;dayBackRange:0 ;interationNetworkMaster:100 ;periodCodePERIOD_CODE [code=60]
159,24;167,995;inputSlaveNetwork=2 ;dayBackRange:0 ;interationNetworkMaster:100 ;periodCodePERIOD_CODE [code=60]
158,875;168,005;inputSlaveNetwork=2 ;dayBackRange:0 ;interationNetworkMaster:100 ;periodCodePERIOD_CODE [code=60]
159,32;168,017;inputSlaveNetwork=2 ;dayBackRange:0 ;interationNetworkMaster:100 ;periodCodePERIOD_CODE [code=60]
159,373;168,017;inputSlaveNetwork=2 ;dayBackRange:0 ;interationNetworkMaster:100 ;periodCodePERIOD_CODE [code=60]
160,677;168,029;inputSlaveNetwork=2 ;dayBackRange:1 ;interationNetworkMaster:100 ;periodCodePERIOD_CODE [code=60]
160,033;168,044;inputSlaveNetwork=2 ;dayBackRange:0 ;interationNetworkMaster:100 ;periodCodePERIOD_CODE [code=60]
157,778;168,029;inputSlaveNetwork=2 ;dayBackRange:365 ;interationNetworkMaster:100 ;periodCodePERIOD_CODE [code=1]
163,65;168,031;inputSlaveNetwork=2 ;dayBackRange:1 ;interationNetworkMaster:100 ;periodCodePERIOD_CODE [code=1]
161,851;168,014;inputSlaveNetwork=2 ;dayBackRange:50 ;interationNetworkMaster:100 ;periodCodePERIOD_CODE [code=1440]
156,663;168,006;inputSlaveNetwork=2 ;dayBackRange:1 ;interationNetworkMaster:100 ;periodCodePERIOD_CODE [code=1440]
161,42;168,026;inputSlaveNetwork=2 ;dayBackRange:1 ;interationNetworkMaster:100 ;periodCodePERIOD_CODE [code=30]
159,386;168,022;inputSlaveNetwork=2 ;dayBackRange:0 ;interationNetworkMaster:100 ;periodCodePERIOD_CODE [code=60]
159,061;168,016;inputSlaveNetwork=2 ;dayBackRange:0 ;interationNetworkMaster:100 ;periodCodePERIOD_CODE [code=60]
160,293;168,04;inputSlaveNetwork=2 ;dayBackRange:0 ;interationNetworkMaster:100 ;periodCodePERIOD_CODE [code=30]
157,447;168,054;inputSlaveNetwork=2 ;dayBackRange:50 ;interationNetworkMaster:100 ;periodCodePERIOD_CODE [code=43200]
157,405;168,065;inputSlaveNetwork=2 ;dayBackRange:50 ;interationNetworkMaster:100 ;periodCodePERIOD_CODE [code=43200]
153,325;168,076;inputSlaveNetwork=2 ;dayBackRange:200 ;interationNetworkMaster:100 ;periodCodePERIOD_CODE [code=43200]
160,355;168,1;inputSlaveNetwork=2 ;dayBackRange:5 ;interationNetworkMaster:100 ;periodCodePERIOD_CODE [code=60]
161,064;168,136;inputSlaveNetwork=2 ;dayBackRange:5 ;interationNetworkMaster:100 ;periodCodePERIOD_CODE [code=60]
160,159;168,134;inputSlaveNetwork=2 ;dayBackRange:5 ;interationNetworkMaster:100 ;periodCodePERIOD_CODE [code=60]
161,535;168,196;inputSlaveNetwork=2 ;dayBackRange:1 ;interationNetworkMaster:100 ;periodCodePERIOD_CODE [code=60]
161,454;168,231;inputSlaveNetwork=2 ;dayBackRange:1 ;interationNetworkMaster:100 ;periodCodePERIOD_CODE [code=60]
161,57;168,201;inputSlaveNetwork=2 ;dayBackRange:1 ;interationNetworkMaster:100 ;periodCodePERIOD_CODE [code=60]
161,914;168,222;inputSlaveNetwork=2 ;dayBackRange:5 ;interationNetworkMaster:100 ;periodCodePERIOD_CODE [code=60]
10,483;168,226;inputSlaveNetwork=2 ;dayBackRange:5 ;interationNetworkMaster:100 ;periodCodePERIOD_CODE [code=60]
10,4;168,185;inputSlaveNetwork=2 ;dayBackRange:5 ;interationNetworkMaster:100 ;periodCodePERIOD_CODE [code=60]
162,437;168,184;inputSlaveNetwork=2 ;dayBackRange:5 ;interationNetworkMaster:100 ;periodCodePERIOD_CODE [code=60]
162,872;168,193;inputSlaveNetwork=2 ;dayBackRange:10 ;interationNetworkMaster:100 ;periodCodePERIOD_CODE [code=5]
161,071;168,189;inputSlaveNetwork=2 ;dayBackRange:10 ;interationNetworkMaster:100 ;periodCodePERIOD_CODE [code=5]
162,91;168,182;inputSlaveNetwork=2 ;dayBackRange:10 ;interationNetworkMaster:100 ;periodCodePERIOD_CODE [code=60]
162,869;168,214;inputSlaveNetwork=2 ;dayBackRange:10 ;interationNetworkMaster:100 ;periodCodePERIOD_CODE [code=60]
162,733;168,227;inputSlaveNetwork=2 ;dayBackRange:10 ;interationNetworkMaster:100 ;periodCodePERIOD_CODE [code=60]
163,297;168,241;inputSlaveNetwork=2 ;dayBackRange:10 ;interationNetworkMaster:100 ;periodCodePERIOD_CODE [code=60]
162,809;168,235;inputSlaveNetwork=2 ;dayBackRange:10 ;interationNetworkMaster:100 ;periodCodePERIOD_CODE [code=60]
162,009;168,226;inputSlaveNetwork=2 ;dayBackRange:10 ;interationNetworkMaster:100 ;periodCodePERIOD_CODE [code=60]
162,275;168,189;inputSlaveNetwork=2 ;dayBackRange:10 ;interationNetworkMaster:100 ;periodCodePERIOD_CODE [code=60]
162,986;168,206;inputSlaveNetwork=2 ;dayBackRange:10 ;interationNetworkMaster:100 ;periodCodePERIOD_CODE [code=60]
163,155;168,206;inputSlaveNetwork=2 ;dayBackRange:10 ;interationNetworkMaster:100 ;periodCodePERIOD_CODE [code=60]
162,239;168,205;inputSlaveNetwork=2 ;dayBackRange:10 ;interationNetworkMaster:100 ;periodCodePERIOD_CODE [code=60]
162,396;168,188;inputSlaveNetwork=2 ;dayBackRange:10 ;interationNetworkMaster:100 ;periodCodePERIOD_CODE [code=60]
162,603;168,201;inputSlaveNetwork=2 ;dayBackRange:10 ;interationNetworkMaster:100 ;periodCodePERIOD_CODE [code=60]
161,445;168,246;inputSlaveNetwork=2 ;dayBackRange:10 ;interationNetworkMaster:100 ;periodCodePERIOD_CODE [code=60]
163,012;168,219;inputSlaveNetwork=2 ;dayBackRange:10 ;interationNetworkMaster:100 ;periodCodePERIOD_CODE [code=60]
162,97;168,255;inputSlaveNetwork=2 ;dayBackRange:10 ;interationNetworkMaster:100 ;periodCodePERIOD_CODE [code=60]
162,376;168,254;inputSlaveNetwork=2 ;dayBackRange:10 ;interationNetworkMaster:100 ;periodCodePERIOD_CODE [code=60]
161,08;168,243;inputSlaveNetwork=2 ;dayBackRange:10 ;interationNetworkMaster:100 ;periodCodePERIOD_CODE [code=60]
162,016;168,218;inputSlaveNetwork=2 ;dayBackRange:10 ;interationNetworkMaster:100 ;periodCodePERIOD_CODE [code=60]
167,375;168,218;inputSlaveNetwork=2 ;dayBackRange:10 ;interationNetworkMaster:100 ;periodCodePERIOD_CODE [code=60]
167,025;168,195;inputSlaveNetwork=1 ;dayBackRange:10 ;interationNetworkMaster:100 ;periodCodePERIOD_CODE [code=60]
167,125;168,212;inputSlaveNetwork=1 ;dayBackRange:10 ;interationNetworkMaster:100 ;periodCodePERIOD_CODE [code=60]
167,188;168,229;inputSlaveNetwork=1 ;dayBackRange:10 ;interationNetworkMaster:100 ;periodCodePERIOD_CODE [code=60]
166,956;168,234;inputSlaveNetwork=1 ;dayBackRange:10 ;interationNetworkMaster:100 ;periodCodePERIOD_CODE [code=60]
166,792;168,235;inputSlaveNetwork=1 ;dayBackRange:10 ;interationNetworkMaster:100 ;periodCodePERIOD_CODE [code=60]
167,15;168,244;inputSlaveNetwork=1 ;dayBackRange:10 ;interationNetworkMaster:100 ;periodCodePERIOD_CODE [code=60]
167,006;168,256;inputSlaveNetwork=1 ;dayBackRange:10 ;interationNetworkMaster:100 ;periodCodePERIOD_CODE [code=60]
163,481;168,259;inputSlaveNetwork=1 ;dayBackRange:10 ;interationNetworkMaster:100 ;periodCodePERIOD_CODE [code=60]
167,074;168,243;inputSlaveNetwork=1 ;dayBackRange:10 ;interationNetworkMaster:100 ;periodCodePERIOD_CODE [code=60]
163,156;168,238;inputSlaveNetwork=1 ;dayBackRange:10 ;interationNetworkMaster:100 ;periodCodePERIOD_CODE [code=60]
161,678;168,256;inputSlaveNetwork=1 ;dayBackRange:10 ;interationNetworkMaster:100 ;periodCodePERIOD_CODE [code=60]
161,265;168,238;inputSlaveNetwork=1 ;dayBackRange:10 ;interationNetworkMaster:100 ;periodCodePERIOD_CODE [code=60]
161,92;168,238;inputSlaveNetwork=1 ;dayBackRange:10 ;interationNetworkMaster:100 ;periodCodePERIOD_CODE [code=60]
166,844;168,243;inputSlaveNetwork=1 ;dayBackRange:10 ;interationNetworkMaster:100 ;periodCodePERIOD_CODE [code=60]
166,876;168,23;inputSlaveNetwork=1 ;dayBackRange:10 ;interationNetworkMaster:100 ;periodCodePERIOD_CODE [code=60]
168,109;168,224;inputSlaveNetwork=1 ;dayBackRange:1 ;interationNetworkMaster:100 ;periodCodePERIOD_CODE [code=1]
167,962;168,224;inputSlaveNetwork=1 ;dayBackRange:1 ;interationNetworkMaster:100 ;periodCodePERIOD_CODE [code=1]
168,303;168,218;inputSlaveNetwork=2 ;dayBackRange:1 ;interationNetworkMaster:100 ;periodCodePERIOD_CODE [code=1]
168,294;168,217;inputSlaveNetwork=20 ;dayBackRange:1 ;interationNetworkMaster:100 ;periodCodePERIOD_CODE [code=1]
168,268;168,229;inputSlaveNetwork=1 ;dayBackRange:5 ;interationNetworkMaster:100 ;periodCodePERIOD_CODE [code=1]
168,342;168,231;inputSlaveNetwork=1 ;dayBackRange:5 ;interationNetworkMaster:100 ;periodCodePERIOD_CODE [code=1]
168,117;168,233;inputSlaveNetwork=1 ;dayBackRange:5 ;interationNetworkMaster:100 ;periodCodePERIOD_CODE [code=1]
168,258;168,243;inputSlaveNetwork=1 ;dayBackRange:0 ;interationNetworkMaster:100 ;periodCodePERIOD_CODE [code=1]
168,121;168,246;inputSlaveNetwork=1 ;dayBackRange:0 ;interationNetworkMaster:100 ;periodCodePERIOD_CODE [code=1]
168,141;168,26;inputSlaveNetwork=1 ;dayBackRange:0 ;interationNetworkMaster:100 ;periodCodePERIOD_CODE [code=1]
168,291;168,249;inputSlaveNetwork=1 ;dayBackRange:0 ;interationNetworkMaster:100 ;periodCodePERIOD_CODE [code=1]
168,821;168,208;inputSlaveNetwork=1 ;dayBackRange:0 ;interationNetworkMaster:100 ;periodCodePERIOD_CODE [code=1]
169,325;168,208;inputSlaveNetwork=1 ;dayBackRange:0 ;interationNetworkMaster:100 ;periodCodePERIOD_CODE [code=1]
170,659;168,223;inputSlaveNetwork=1 ;dayBackRange:0 ;interationNetworkMaster:100 ;periodCodePERIOD_CODE [code=1]
170,524;168,221;inputSlaveNetwork=1 ;dayBackRange:0 ;interationNetworkMaster:100 ;periodCodePERIOD_CODE [code=1]
170,62;168,214;inputSlaveNetwork=1 ;dayBackRange:0 ;interationNetworkMaster:100 ;periodCodePERIOD_CODE [code=1]
170,631;168,239;inputSlaveNetwork=1 ;dayBackRange:0 ;interationNetworkMaster:100 ;periodCodePERIOD_CODE [code=1]
170,899;168,241;inputSlaveNetwork=1 ;dayBackRange:0 ;interationNetworkMaster:100 ;periodCodePERIOD_CODE [code=1]
168,398;168,221;inputSlaveNetwork=1 ;dayBackRange:0 ;interationNetworkMaster:100 ;periodCodePERIOD_CODE [code=1]
160,872;168,221;inputSlaveNetwork=1 ;dayBackRange:370 ;interationNetworkMaster:50 ;periodCodePERIOD_CODE [code=10080]
165,989;168,255;inputSlaveNetwork=1 ;dayBackRange:10 ;interationNetworkMaster:50 ;periodCodePERIOD_CODE [code=15]
166,201;168,256;inputSlaveNetwork=1 ;dayBackRange:10 ;interationNetworkMaster:50 ;periodCodePERIOD_CODE [code=15]
166,522;168,231;inputSlaveNetwork=1 ;dayBackRange:10 ;interationNetworkMaster:50 ;periodCodePERIOD_CODE [code=15]
165,099;168,227;inputSlaveNetwork=1 ;dayBackRange:20 ;interationNetworkMaster:50 ;periodCodePERIOD_CODE [code=15]