133,899;139,771;inputSlaveNetwork=7 ;dayBackRange:3 ;interationNetworkMaster:50 ;periodCodePERIOD_CODE [code=240]
134,228;139,792;inputSlaveNetwork=7 ;dayBackRange:3 ;interationNetworkMaster:50 ;periodCodePERIOD_CODE [code=240]
133,752;139,789;inputSlaveNetwork=7 ;dayBackRange:3 ;interationNetworkMaster:50 ;periodCodePERIOD_CODE [code=240]
132,714;139,785;inputSlaveNetwork=7 ;dayBackRange:3 ;interationNetworkMaster:50 ;periodCodePERIOD_CODE [code=240]
132,747;139,802;inputSlaveNetwork=7 ;dayBackRange:3 ;interationNetworkMaster:50 ;periodCodePERIOD_CODE [code=240]
133,477;139,794;inputSlaveNetwork=7 ;dayBackRange:3 ;interationNetworkMaster:50 ;periodCodePERIOD_CODE [code=240]
133,681;139,794;inputSlaveNetwork=7 ;dayBackRange:3 ;interationNetworkMaster:50 ;periodCodePERIOD_CODE [code=240]
132,989;139,811;inputSlaveNetwork=7 ;dayBackRange:3 ;interationNetworkMaster:50 ;periodCodePERIOD_CODE [code=240]
132,496;139,815;inputSlaveNetwork=7 ;dayBackRange:3 ;interationNetworkMaster:50 ;periodCodePERIOD_CODE [code=240]
134,186;0,0;inputSlaveNetwork=7 ;dayBackRange:3 ;interationNetworkMaster:50 ;periodCodePERIOD_CODE [code=240]
133,585;139,808;inputSlaveNetwork=7 ;dayBackRange:3 ;interationNetworkMaster:50 ;periodCodePERIOD_CODE [code=240]
132,985;139,804;inputSlaveNetwork=7 ;dayBackRange:3 ;interationNetworkMaster:50 ;periodCodePERIOD_CODE [code=240]
134,91;139,817;inputSlaveNetwork=7 ;dayBackRange:3 ;interationNetworkMaster:50 ;periodCodePERIOD_CODE [code=240]
133,65;139,794;inputSlaveNetwork=2 ;dayBackRange:3 ;interationNetworkMaster:50 ;periodCodePERIOD_CODE [code=240]
134,44;139,796;inputSlaveNetwork=2 ;dayBackRange:3 ;interationNetworkMaster:50 ;periodCodePERIOD_CODE [code=240]
134,943;139,784;inputSlaveNetwork=2 ;dayBackRange:3 ;interationNetworkMaster:50 ;periodCodePERIOD_CODE [code=240]
133,225;139,781;inputSlaveNetwork=2 ;dayBackRange:3 ;interationNetworkMaster:50 ;periodCodePERIOD_CODE [code=240]
138,07;139,774;inputSlaveNetwork=2 ;dayBackRange:1 ;interationNetworkMaster:50 ;periodCodePERIOD_CODE [code=1]
136,739;139,78;inputSlaveNetwork=2 ;dayBackRange:1 ;interationNetworkMaster:50 ;periodCodePERIOD_CODE [code=1]
138,113;139,777;inputSlaveNetwork=2 ;dayBackRange:1 ;interationNetworkMaster:50 ;periodCodePERIOD_CODE [code=1]
138,042;139,788;inputSlaveNetwork=2 ;dayBackRange:1 ;interationNetworkMaster:50 ;periodCodePERIOD_CODE [code=1]
138,868;139,786;inputSlaveNetwork=2 ;dayBackRange:1 ;interationNetworkMaster:50 ;periodCodePERIOD_CODE [code=1]
138,896;139,786;inputSlaveNetwork=2 ;dayBackRange:1 ;interationNetworkMaster:50 ;periodCodePERIOD_CODE [code=1]
137,915;139,791;inputSlaveNetwork=2 ;dayBackRange:1 ;interationNetworkMaster:50 ;periodCodePERIOD_CODE [code=1]
136,741;139,757;inputSlaveNetwork=2 ;dayBackRange:1 ;interationNetworkMaster:50 ;periodCodePERIOD_CODE [code=1]
137,849;139,81;inputSlaveNetwork=2 ;dayBackRange:1 ;interationNetworkMaster:50 ;periodCodePERIOD_CODE [code=1]
137,727;139,83;inputSlaveNetwork=2 ;dayBackRange:0 ;interationNetworkMaster:50 ;periodCodePERIOD_CODE [code=1]
137,432;139,825;inputSlaveNetwork=2 ;dayBackRange:1 ;interationNetworkMaster:50 ;periodCodePERIOD_CODE [code=1]
130,905;139,853;inputSlaveNetwork=2 ;dayBackRange:1 ;interationNetworkMaster:2 ;periodCodePERIOD_CODE [code=1]
133,981;139,816;inputSlaveNetwork=2 ;dayBackRange:1 ;interationNetworkMaster:2 ;periodCodePERIOD_CODE [code=1]
144,121;139,814;inputSlaveNetwork=2 ;dayBackRange:1 ;interationNetworkMaster:2 ;periodCodePERIOD_CODE [code=1]
137,685;139,815;inputSlaveNetwork=2 ;dayBackRange:1 ;interationNetworkMaster:2 ;periodCodePERIOD_CODE [code=1]
137,564;139,826;inputSlaveNetwork=2 ;dayBackRange:1 ;interationNetworkMaster:2 ;periodCodePERIOD_CODE [code=1]
138,175;139,826;inputSlaveNetwork=2 ;dayBackRange:1 ;interationNetworkMaster:2 ;periodCodePERIOD_CODE [code=1]
134,958;139,826;inputSlaveNetwork=2 ;dayBackRange:1 ;interationNetworkMaster:2 ;periodCodePERIOD_CODE [code=1]
139,991;139,825;inputSlaveNetwork=2 ;dayBackRange:1 ;interationNetworkMaster:2 ;periodCodePERIOD_CODE [code=1]
138,1;139,824;inputSlaveNetwork=2 ;dayBackRange:1 ;interationNetworkMaster:2 ;periodCodePERIOD_CODE [code=1]
142,656;139,824;inputSlaveNetwork=2 ;dayBackRange:1 ;interationNetworkMaster:2 ;periodCodePERIOD_CODE [code=1]
140,033;139,824;inputSlaveNetwork=2 ;dayBackRange:1 ;interationNetworkMaster:2 ;periodCodePERIOD_CODE [code=1]
138,141;139,786;inputSlaveNetwork=2 ;dayBackRange:1 ;interationNetworkMaster:1 ;periodCodePERIOD_CODE [code=1]
133,136;139,788;inputSlaveNetwork=2 ;dayBackRange:1 ;interationNetworkMaster:1 ;periodCodePERIOD_CODE [code=1]
134,328;139,785;inputSlaveNetwork=2 ;dayBackRange:1 ;interationNetworkMaster:1 ;periodCodePERIOD_CODE [code=1]
140,067;139,779;inputSlaveNetwork=2 ;dayBackRange:1 ;interationNetworkMaster:1 ;periodCodePERIOD_CODE [code=1]
143,565;139,779;inputSlaveNetwork=2 ;dayBackRange:1 ;interationNetworkMaster:1 ;periodCodePERIOD_CODE [code=1]
141,27;139,779;inputSlaveNetwork=2 ;dayBackRange:1 ;interationNetworkMaster:1 ;periodCodePERIOD_CODE [code=1]
137,645;139,779;inputSlaveNetwork=2 ;dayBackRange:1 ;interationNetworkMaster:1 ;periodCodePERIOD_CODE [code=1]
131,996;139,779;inputSlaveNetwork=2 ;dayBackRange:1 ;interationNetworkMaster:1 ;periodCodePERIOD_CODE [code=1]
140,472;139,781;inputSlaveNetwork=2 ;dayBackRange:1 ;interationNetworkMaster:1 ;periodCodePERIOD_CODE [code=1]
138,755;139,763;inputSlaveNetwork=2 ;dayBackRange:0 ;interationNetworkMaster:1 ;periodCodePERIOD_CODE [code=1]
141,379;139,763;inputSlaveNetwork=2 ;dayBackRange:0 ;interationNetworkMaster:1 ;periodCodePERIOD_CODE [code=1]
139,815;139,764;inputSlaveNetwork=2 ;dayBackRange:0 ;interationNetworkMaster:1 ;periodCodePERIOD_CODE [code=1]
144,487;139,771;inputSlaveNetwork=2 ;dayBackRange:0 ;interationNetworkMaster:1 ;periodCodePERIOD_CODE [code=1]
137,309;139,767;inputSlaveNetwork=2 ;dayBackRange:0 ;interationNetworkMaster:1 ;periodCodePERIOD_CODE [code=1]
141,529;139,748;inputSlaveNetwork=2 ;dayBackRange:0 ;interationNetworkMaster:1 ;periodCodePERIOD_CODE [code=1]
145,714;139,745;inputSlaveNetwork=2 ;dayBackRange:0 ;interationNetworkMaster:1 ;periodCodePERIOD_CODE [code=1]
140,049;139,745;inputSlaveNetwork=2 ;dayBackRange:0 ;interationNetworkMaster:1 ;periodCodePERIOD_CODE [code=1]
136,727;139,751;inputSlaveNetwork=2 ;dayBackRange:0 ;interationNetworkMaster:1 ;periodCodePERIOD_CODE [code=1]
140,505;139,758;inputSlaveNetwork=2 ;dayBackRange:0 ;interationNetworkMaster:1 ;periodCodePERIOD_CODE [code=1]
134,846;139,758;inputSlaveNetwork=2 ;dayBackRange:0 ;interationNetworkMaster:1 ;periodCodePERIOD_CODE [code=1]
138,225;139,736;inputSlaveNetwork=2 ;dayBackRange:0 ;interationNetworkMaster:100 ;periodCodePERIOD_CODE [code=1]
137,375;139,738;inputSlaveNetwork=2 ;dayBackRange:0 ;interationNetworkMaster:100 ;periodCodePERIOD_CODE [code=1]
137,789;139,737;inputSlaveNetwork=2 ;dayBackRange:0 ;interationNetworkMaster:100 ;periodCodePERIOD_CODE [code=1]
137,497;139,742;inputSlaveNetwork=2 ;dayBackRange:0 ;interationNetworkMaster:100 ;periodCodePERIOD_CODE [code=1]
137,869;139,737;inputSlaveNetwork=2 ;dayBackRange:0 ;interationNetworkMaster:100 ;periodCodePERIOD_CODE [code=1]
137,792;139,728;inputSlaveNetwork=2 ;dayBackRange:0 ;interationNetworkMaster:100 ;periodCodePERIOD_CODE [code=1]
137,886;139,727;inputSlaveNetwork=2 ;dayBackRange:0 ;interationNetworkMaster:100 ;periodCodePERIOD_CODE [code=1]
137,697;139,733;inputSlaveNetwork=2 ;dayBackRange:0 ;interationNetworkMaster:100 ;periodCodePERIOD_CODE [code=1]
137,667;139,744;inputSlaveNetwork=2 ;dayBackRange:0 ;interationNetworkMaster:100 ;periodCodePERIOD_CODE [code=1]
138,886;139,739;inputSlaveNetwork=2 ;dayBackRange:0 ;interationNetworkMaster:100 ;periodCodePERIOD_CODE [code=1]
137,492;139,739;inputSlaveNetwork=2 ;dayBackRange:0 ;interationNetworkMaster:100 ;periodCodePERIOD_CODE [code=1]
131,531;139,724;inputSlaveNetwork=2 ;dayBackRange:0 ;interationNetworkMaster:100 ;periodCodePERIOD_CODE [code=1]
130,687;139,724;inputSlaveNetwork=2 ;dayBackRange:0 ;interationNetworkMaster:100 ;periodCodePERIOD_CODE [code=1]
132,24;139,743;inputSlaveNetwork=2 ;dayBackRange:0 ;interationNetworkMaster:100 ;periodCodePERIOD_CODE [code=1]
130,408;139,745;inputSlaveNetwork=2 ;dayBackRange:0 ;interationNetworkMaster:100 ;periodCodePERIOD_CODE [code=1]
130,908;139,746;inputSlaveNetwork=2 ;dayBackRange:0 ;interationNetworkMaster:100 ;periodCodePERIOD_CODE [code=1]
137,74;139,741;inputSlaveNetwork=2 ;dayBackRange:0 ;interationNetworkMaster:100 ;periodCodePERIOD_CODE [code=1]
137,362;139,74;inputSlaveNetwork=2 ;dayBackRange:0 ;interationNetworkMaster:100 ;periodCodePERIOD_CODE [code=1]
137,338;139,739;inputSlaveNetwork=2 ;dayBackRange:0 ;interationNetworkMaster:100 ;periodCodePERIOD_CODE [code=1]
137,698;139,739;inputSlaveNetwork=2 ;dayBackRange:0 ;interationNetworkMaster:100 ;periodCodePERIOD_CODE [code=1]
137,685;139,739;inputSlaveNetwork=2 ;dayBackRange:0 ;interationNetworkMaster:100 ;periodCodePERIOD_CODE [code=1]
136,771;139,739;inputSlaveNetwork=2 ;dayBackRange:0 ;interationNetworkMaster:100 ;periodCodePERIOD_CODE [code=1]
137,498;139,74;inputSlaveNetwork=2 ;dayBackRange:0 ;interationNetworkMaster:100 ;periodCodePERIOD_CODE [code=1]
137,492;139,709;inputSlaveNetwork=2 ;dayBackRange:0 ;interationNetworkMaster:100 ;periodCodePERIOD_CODE [code=1]
138,652;139,709;inputSlaveNetwork=2 ;dayBackRange:0 ;interationNetworkMaster:100 ;periodCodePERIOD_CODE [code=1]
137,832;139,709;inputSlaveNetwork=2 ;dayBackRange:0 ;interationNetworkMaster:100 ;periodCodePERIOD_CODE [code=1]
136,638;139,709;inputSlaveNetwork=2 ;dayBackRange:0 ;interationNetworkMaster:100 ;periodCodePERIOD_CODE [code=1]
137,859;139,703;inputSlaveNetwork=2 ;dayBackRange:0 ;interationNetworkMaster:100 ;periodCodePERIOD_CODE [code=1]
136,972;139,703;inputSlaveNetwork=2 ;dayBackRange:0 ;interationNetworkMaster:100 ;periodCodePERIOD_CODE [code=1]
137,59;139,711;inputSlaveNetwork=2 ;dayBackRange:0 ;interationNetworkMaster:100 ;periodCodePERIOD_CODE [code=1]
136,535;139,717;inputSlaveNetwork=2 ;dayBackRange:0 ;interationNetworkMaster:100 ;periodCodePERIOD_CODE [code=1]
137,685;139,719;inputSlaveNetwork=2 ;dayBackRange:0 ;interationNetworkMaster:100 ;periodCodePERIOD_CODE [code=1]
137,807;139,719;inputSlaveNetwork=2 ;dayBackRange:0 ;interationNetworkMaster:100 ;periodCodePERIOD_CODE [code=1]
137,512;139,72;inputSlaveNetwork=2 ;dayBackRange:0 ;interationNetworkMaster:100 ;periodCodePERIOD_CODE [code=1]
138,477;139,722;inputSlaveNetwork=2 ;dayBackRange:0 ;interationNetworkMaster:100 ;periodCodePERIOD_CODE [code=1]
138,699;139,722;inputSlaveNetwork=2 ;dayBackRange:0 ;interationNetworkMaster:100 ;periodCodePERIOD_CODE [code=1]
137,692;139,724;inputSlaveNetwork=2 ;dayBackRange:0 ;interationNetworkMaster:100 ;periodCodePERIOD_CODE [code=1]
138,007;139,72;inputSlaveNetwork=2 ;dayBackRange:0 ;interationNetworkMaster:100 ;periodCodePERIOD_CODE [code=1]
137,452;139,716;inputSlaveNetwork=2 ;dayBackRange:0 ;interationNetworkMaster:100 ;periodCodePERIOD_CODE [code=1]
138,173;139,72;inputSlaveNetwork=2 ;dayBackRange:0 ;interationNetworkMaster:100 ;periodCodePERIOD_CODE [code=1]
138,886;139,669;inputSlaveNetwork=2 ;dayBackRange:0 ;interationNetworkMaster:100 ;periodCodePERIOD_CODE [code=1]
135,362;139,699;inputSlaveNetwork=2 ;dayBackRange:0 ;interationNetworkMaster:100 ;periodCodePERIOD_CODE [code=1]
137,745;139,728;inputSlaveNetwork=2 ;dayBackRange:0 ;interationNetworkMaster:100 ;periodCodePERIOD_CODE [code=1]
138,251;139,728;inputSlaveNetwork=2 ;dayBackRange:0 ;interationNetworkMaster:100 ;periodCodePERIOD_CODE [code=1]
137,418;139,729;inputSlaveNetwork=2 ;dayBackRange:0 ;interationNetworkMaster:100 ;periodCodePERIOD_CODE [code=1]
137,586;139,739;inputSlaveNetwork=2 ;dayBackRange:0 ;interationNetworkMaster:100 ;periodCodePERIOD_CODE [code=1]
137,707;139,739;inputSlaveNetwork=2 ;dayBackRange:0 ;interationNetworkMaster:100 ;periodCodePERIOD_CODE [code=1]
137,581;139,718;inputSlaveNetwork=2 ;dayBackRange:0 ;interationNetworkMaster:100 ;periodCodePERIOD_CODE [code=1]
138,672;139,719;inputSlaveNetwork=2 ;dayBackRange:0 ;interationNetworkMaster:100 ;periodCodePERIOD_CODE [code=1]
137,73;139,716;inputSlaveNetwork=2 ;dayBackRange:0 ;interationNetworkMaster:100 ;periodCodePERIOD_CODE [code=1]
137,875;139,716;inputSlaveNetwork=2 ;dayBackRange:0 ;interationNetworkMaster:100 ;periodCodePERIOD_CODE [code=1]
138,207;139,709;inputSlaveNetwork=2 ;dayBackRange:0 ;interationNetworkMaster:100 ;periodCodePERIOD_CODE [code=1]
135,96;139,7;inputSlaveNetwork=2 ;dayBackRange:0 ;interationNetworkMaster:100 ;periodCodePERIOD_CODE [code=1]
137,323;139,704;inputSlaveNetwork=2 ;dayBackRange:0 ;interationNetworkMaster:100 ;periodCodePERIOD_CODE [code=1]
137,874;139,695;inputSlaveNetwork=2 ;dayBackRange:0 ;interationNetworkMaster:100 ;periodCodePERIOD_CODE [code=1]
138,524;139,695;inputSlaveNetwork=2 ;dayBackRange:0 ;interationNetworkMaster:100 ;periodCodePERIOD_CODE [code=1]
138,228;139,704;inputSlaveNetwork=2 ;dayBackRange:0 ;interationNetworkMaster:100 ;periodCodePERIOD_CODE [code=1]
138,291;139,806;inputSlaveNetwork=2 ;dayBackRange:0 ;interationNetworkMaster:100 ;periodCodePERIOD_CODE [code=1]
137,958;139,779;inputSlaveNetwork=2 ;dayBackRange:0 ;interationNetworkMaster:100 ;periodCodePERIOD_CODE [code=1]
137,763;139,824;inputSlaveNetwork=2 ;dayBackRange:0 ;interationNetworkMaster:100 ;periodCodePERIOD_CODE [code=1]
137,416;139,851;inputSlaveNetwork=2 ;dayBackRange:0 ;interationNetworkMaster:100 ;periodCodePERIOD_CODE [code=1]
138,113;139,86;inputSlaveNetwork=2 ;dayBackRange:0 ;interationNetworkMaster:100 ;periodCodePERIOD_CODE [code=1]
137,832;139,854;inputSlaveNetwork=2 ;dayBackRange:0 ;interationNetworkMaster:100 ;periodCodePERIOD_CODE [code=1]
137,382;139,891;inputSlaveNetwork=2 ;dayBackRange:0 ;interationNetworkMaster:100 ;periodCodePERIOD_CODE [code=1]
137,195;139,892;inputSlaveNetwork=2 ;dayBackRange:0 ;interationNetworkMaster:100 ;periodCodePERIOD_CODE [code=1]
137,589;139,852;inputSlaveNetwork=2 ;dayBackRange:0 ;interationNetworkMaster:100 ;periodCodePERIOD_CODE [code=1]
137,129;139,831;inputSlaveNetwork=2 ;dayBackRange:0 ;interationNetworkMaster:100 ;periodCodePERIOD_CODE [code=1]
138,186;139,795;inputSlaveNetwork=2 ;dayBackRange:0 ;interationNetworkMaster:100 ;periodCodePERIOD_CODE [code=1]
137,919;139,795;inputSlaveNetwork=2 ;dayBackRange:0 ;interationNetworkMaster:100 ;periodCodePERIOD_CODE [code=1]
138,235;139,792;inputSlaveNetwork=2 ;dayBackRange:0 ;interationNetworkMaster:100 ;periodCodePERIOD_CODE [code=1]
138,089;139,784;inputSlaveNetwork=2 ;dayBackRange:0 ;interationNetworkMaster:100 ;periodCodePERIOD_CODE [code=1]
138,433;139,784;inputSlaveNetwork=2 ;dayBackRange:0 ;interationNetworkMaster:100 ;periodCodePERIOD_CODE [code=1]
137,712;139,782;inputSlaveNetwork=2 ;dayBackRange:0 ;interationNetworkMaster:100 ;periodCodePERIOD_CODE [code=1]
135,201;139,784;inputSlaveNetwork=2 ;dayBackRange:0 ;interationNetworkMaster:100 ;periodCodePERIOD_CODE [code=1]
131,094;139,784;inputSlaveNetwork=2 ;dayBackRange:0 ;interationNetworkMaster:100 ;periodCodePERIOD_CODE [code=1]
131,622;139,784;inputSlaveNetwork=2 ;dayBackRange:0 ;interationNetworkMaster:100 ;periodCodePERIOD_CODE [code=1]
132,038;139,84;inputSlaveNetwork=2 ;dayBackRange:0 ;interationNetworkMaster:100 ;periodCodePERIOD_CODE [code=1]
131,545;139,841;inputSlaveNetwork=2 ;dayBackRange:0 ;interationNetworkMaster:100 ;periodCodePERIOD_CODE [code=1]
131,48;139,849;inputSlaveNetwork=2 ;dayBackRange:0 ;interationNetworkMaster:100 ;periodCodePERIOD_CODE [code=1]
129,35;139,854;inputSlaveNetwork=2 ;dayBackRange:0 ;interationNetworkMaster:100 ;periodCodePERIOD_CODE [code=1]
131,818;139,846;inputSlaveNetwork=2 ;dayBackRange:0 ;interationNetworkMaster:100 ;periodCodePERIOD_CODE [code=1]
130,744;139,849;inputSlaveNetwork=2 ;dayBackRange:0 ;interationNetworkMaster:100 ;periodCodePERIOD_CODE [code=1]
130,816;139,864;inputSlaveNetwork=2 ;dayBackRange:0 ;interationNetworkMaster:100 ;periodCodePERIOD_CODE [code=1]
128,356;139,864;inputSlaveNetwork=2 ;dayBackRange:0 ;interationNetworkMaster:100 ;periodCodePERIOD_CODE [code=1]
42,909;139,874;inputSlaveNetwork=2 ;dayBackRange:0 ;interationNetworkMaster:100 ;periodCodePERIOD_CODE [code=1]
141,451;139,857;inputSlaveNetwork=2 ;dayBackRange:0 ;interationNetworkMaster:100 ;periodCodePERIOD_CODE [code=1]
141,576;139,833;inputSlaveNetwork=2 ;dayBackRange:0 ;interationNetworkMaster:100 ;periodCodePERIOD_CODE [code=1]
141,357;139,936;inputSlaveNetwork=2 ;dayBackRange:0 ;interationNetworkMaster:100 ;periodCodePERIOD_CODE [code=1]
141,56;139,518;inputSlaveNetwork=2 ;dayBackRange:0 ;interationNetworkMaster:100 ;periodCodePERIOD_CODE [code=1]
147,408;139,542;inputSlaveNetwork=2 ;dayBackRange:30 ;interationNetworkMaster:100 ;periodCodePERIOD_CODE [code=1]
141,437;139,5;inputSlaveNetwork=2 ;dayBackRange:0 ;interationNetworkMaster:100 ;periodCodePERIOD_CODE [code=1]
141,741;139,534;inputSlaveNetwork=2 ;dayBackRange:0 ;interationNetworkMaster:100 ;periodCodePERIOD_CODE [code=1]
141,386;139,537;inputSlaveNetwork=2 ;dayBackRange:0 ;interationNetworkMaster:100 ;periodCodePERIOD_CODE [code=1]
141,539;139,553;inputSlaveNetwork=2 ;dayBackRange:0 ;interationNetworkMaster:100 ;periodCodePERIOD_CODE [code=1]
141,427;139,588;inputSlaveNetwork=2 ;dayBackRange:0 ;interationNetworkMaster:100 ;periodCodePERIOD_CODE [code=1]
141,622;139,607;inputSlaveNetwork=2 ;dayBackRange:0 ;interationNetworkMaster:100 ;periodCodePERIOD_CODE [code=1]
141,523;139,653;inputSlaveNetwork=2 ;dayBackRange:0 ;interationNetworkMaster:100 ;periodCodePERIOD_CODE [code=1]
141,48;139,607;inputSlaveNetwork=2 ;dayBackRange:0 ;interationNetworkMaster:100 ;periodCodePERIOD_CODE [code=1]
141,611;139,655;inputSlaveNetwork=2 ;dayBackRange:0 ;interationNetworkMaster:100 ;periodCodePERIOD_CODE [code=1]
141,545;139,644;inputSlaveNetwork=2 ;dayBackRange:0 ;interationNetworkMaster:100 ;periodCodePERIOD_CODE [code=1]
141,41;139,631;inputSlaveNetwork=2 ;dayBackRange:0 ;interationNetworkMaster:100 ;periodCodePERIOD_CODE [code=1]
141,433;139,647;inputSlaveNetwork=2 ;dayBackRange:0 ;interationNetworkMaster:100 ;periodCodePERIOD_CODE [code=1]
141,825;139,624;inputSlaveNetwork=2 ;dayBackRange:0 ;interationNetworkMaster:100 ;periodCodePERIOD_CODE [code=1]
141,583;139,601;inputSlaveNetwork=2 ;dayBackRange:0 ;interationNetworkMaster:100 ;periodCodePERIOD_CODE [code=1]
141,59;139,563;inputSlaveNetwork=2 ;dayBackRange:0 ;interationNetworkMaster:100 ;periodCodePERIOD_CODE [code=1]
141,633;139,591;inputSlaveNetwork=2 ;dayBackRange:0 ;interationNetworkMaster:100 ;periodCodePERIOD_CODE [code=1]
141,501;139,563;inputSlaveNetwork=2 ;dayBackRange:0 ;interationNetworkMaster:100 ;periodCodePERIOD_CODE [code=1]
147,171;139,645;inputSlaveNetwork=2 ;dayBackRange:0 ;interationNetworkMaster:100 ;periodCodePERIOD_CODE [code=60]
147,287;139,653;inputSlaveNetwork=2 ;dayBackRange:0 ;interationNetworkMaster:100 ;periodCodePERIOD_CODE [code=60]
146,993;139,624;inputSlaveNetwork=2 ;dayBackRange:0 ;interationNetworkMaster:100 ;periodCodePERIOD_CODE [code=60]
146,935;139,609;inputSlaveNetwork=2 ;dayBackRange:0 ;interationNetworkMaster:100 ;periodCodePERIOD_CODE [code=60]
146,648;139,564;inputSlaveNetwork=2 ;dayBackRange:0 ;interationNetworkMaster:100 ;periodCodePERIOD_CODE [code=60]
146,906;139,571;inputSlaveNetwork=2 ;dayBackRange:0 ;interationNetworkMaster:100 ;periodCodePERIOD_CODE [code=60]
147,005;139,543;inputSlaveNetwork=2 ;dayBackRange:0 ;interationNetworkMaster:100 ;periodCodePERIOD_CODE [code=60]
146,998;139,54;inputSlaveNetwork=2 ;dayBackRange:0 ;interationNetworkMaster:100 ;periodCodePERIOD_CODE [code=60]
146,978;139,547;inputSlaveNetwork=2 ;dayBackRange:0 ;interationNetworkMaster:100 ;periodCodePERIOD_CODE [code=60]
147,039;139,561;inputSlaveNetwork=2 ;dayBackRange:0 ;interationNetworkMaster:100 ;periodCodePERIOD_CODE [code=60]
147,047;139,563;inputSlaveNetwork=2 ;dayBackRange:0 ;interationNetworkMaster:100 ;periodCodePERIOD_CODE [code=60]
146,82;139,569;inputSlaveNetwork=2 ;dayBackRange:0 ;interationNetworkMaster:100 ;periodCodePERIOD_CODE [code=60]
146,958;139,558;inputSlaveNetwork=2 ;dayBackRange:0 ;interationNetworkMaster:100 ;periodCodePERIOD_CODE [code=60]
147,091;139,561;inputSlaveNetwork=2 ;dayBackRange:0 ;interationNetworkMaster:100 ;periodCodePERIOD_CODE [code=60]
147,08;139,521;inputSlaveNetwork=2 ;dayBackRange:0 ;interationNetworkMaster:100 ;periodCodePERIOD_CODE [code=60]
147,12;139,527;inputSlaveNetwork=2 ;dayBackRange:0 ;interationNetworkMaster:100 ;periodCodePERIOD_CODE [code=60]
147,001;139,517;inputSlaveNetwork=2 ;dayBackRange:0 ;interationNetworkMaster:100 ;periodCodePERIOD_CODE [code=60]
146,945;139,526;inputSlaveNetwork=2 ;dayBackRange:0 ;interationNetworkMaster:100 ;periodCodePERIOD_CODE [code=60]
147,194;139,519;inputSlaveNetwork=2 ;dayBackRange:0 ;interationNetworkMaster:100 ;periodCodePERIOD_CODE [code=60]
147,202;139,46;inputSlaveNetwork=2 ;dayBackRange:0 ;interationNetworkMaster:100 ;periodCodePERIOD_CODE [code=60]
147,173;139,464;inputSlaveNetwork=2 ;dayBackRange:0 ;interationNetworkMaster:100 ;periodCodePERIOD_CODE [code=60]
146,87;139,448;inputSlaveNetwork=2 ;dayBackRange:0 ;interationNetworkMaster:100 ;periodCodePERIOD_CODE [code=60]
147,001;139,453;inputSlaveNetwork=2 ;dayBackRange:0 ;interationNetworkMaster:100 ;periodCodePERIOD_CODE [code=60]
146,97;139,451;inputSlaveNetwork=2 ;dayBackRange:0 ;interationNetworkMaster:100 ;periodCodePERIOD_CODE [code=60]
146,956;139,42;inputSlaveNetwork=2 ;dayBackRange:0 ;interationNetworkMaster:100 ;periodCodePERIOD_CODE [code=60]
147,025;139,45;inputSlaveNetwork=2 ;dayBackRange:0 ;interationNetworkMaster:100 ;periodCodePERIOD_CODE [code=60]
146,968;139,456;inputSlaveNetwork=2 ;dayBackRange:0 ;interationNetworkMaster:100 ;periodCodePERIOD_CODE [code=60]
147,037;139,452;inputSlaveNetwork=2 ;dayBackRange:0 ;interationNetworkMaster:100 ;periodCodePERIOD_CODE [code=60]
147,013;139,459;inputSlaveNetwork=2 ;dayBackRange:0 ;interationNetworkMaster:100 ;periodCodePERIOD_CODE [code=60]
147,213;139,442;inputSlaveNetwork=2 ;dayBackRange:0 ;interationNetworkMaster:100 ;periodCodePERIOD_CODE [code=60]
147,152;139,444;inputSlaveNetwork=2 ;dayBackRange:0 ;interationNetworkMaster:100 ;periodCodePERIOD_CODE [code=60]
147,066;139,46;inputSlaveNetwork=2 ;dayBackRange:0 ;interationNetworkMaster:100 ;periodCodePERIOD_CODE [code=60]
147,065;139,452;inputSlaveNetwork=2 ;dayBackRange:0 ;interationNetworkMaster:100 ;periodCodePERIOD_CODE [code=60]
147,054;139,458;inputSlaveNetwork=2 ;dayBackRange:0 ;interationNetworkMaster:100 ;periodCodePERIOD_CODE [code=60]
147,172;139,44;inputSlaveNetwork=2 ;dayBackRange:0 ;interationNetworkMaster:100 ;periodCodePERIOD_CODE [code=60]
147,082;139,421;inputSlaveNetwork=2 ;dayBackRange:0 ;interationNetworkMaster:100 ;periodCodePERIOD_CODE [code=60]
147,195;139,406;inputSlaveNetwork=2 ;dayBackRange:0 ;interationNetworkMaster:100 ;periodCodePERIOD_CODE [code=60]
147,077;139,408;inputSlaveNetwork=2 ;dayBackRange:0 ;interationNetworkMaster:100 ;periodCodePERIOD_CODE [code=60]
146,849;139,409;inputSlaveNetwork=2 ;dayBackRange:0 ;interationNetworkMaster:100 ;periodCodePERIOD_CODE [code=60]
147,129;139,403;inputSlaveNetwork=2 ;dayBackRange:0 ;interationNetworkMaster:100 ;periodCodePERIOD_CODE [code=60]
147,126;139,422;inputSlaveNetwork=2 ;dayBackRange:0 ;interationNetworkMaster:100 ;periodCodePERIOD_CODE [code=60]
147,246;139,421;inputSlaveNetwork=2 ;dayBackRange:0 ;interationNetworkMaster:100 ;periodCodePERIOD_CODE [code=60]
147,089;139,414;inputSlaveNetwork=2 ;dayBackRange:0 ;interationNetworkMaster:100 ;periodCodePERIOD_CODE [code=60]
147,09;139,423;inputSlaveNetwork=2 ;dayBackRange:0 ;interationNetworkMaster:100 ;periodCodePERIOD_CODE [code=60]
147,298;139,4;inputSlaveNetwork=2 ;dayBackRange:0 ;interationNetworkMaster:100 ;periodCodePERIOD_CODE [code=60]
147,15;139,4;inputSlaveNetwork=2 ;dayBackRange:0 ;interationNetworkMaster:100 ;periodCodePERIOD_CODE [code=60]
147,079;139,393;inputSlaveNetwork=2 ;dayBackRange:0 ;interationNetworkMaster:100 ;periodCodePERIOD_CODE [code=60]
146,957;139,396;inputSlaveNetwork=2 ;dayBackRange:0 ;interationNetworkMaster:100 ;periodCodePERIOD_CODE [code=60]
147,155;139,409;inputSlaveNetwork=2 ;dayBackRange:0 ;interationNetworkMaster:100 ;periodCodePERIOD_CODE [code=60]
147,027;139,353;inputSlaveNetwork=2 ;dayBackRange:0 ;interationNetworkMaster:100 ;periodCodePERIOD_CODE [code=60]
147,083;139,328;inputSlaveNetwork=2 ;dayBackRange:0 ;interationNetworkMaster:100 ;periodCodePERIOD_CODE [code=60]
147,196;139,337;inputSlaveNetwork=2 ;dayBackRange:0 ;interationNetworkMaster:100 ;periodCodePERIOD_CODE [code=60]
147,334;139,366;inputSlaveNetwork=2 ;dayBackRange:0 ;interationNetworkMaster:100 ;periodCodePERIOD_CODE [code=60]
147,024;139,357;inputSlaveNetwork=2 ;dayBackRange:0 ;interationNetworkMaster:100 ;periodCodePERIOD_CODE [code=60]
147,074;139,347;inputSlaveNetwork=2 ;dayBackRange:0 ;interationNetworkMaster:100 ;periodCodePERIOD_CODE [code=60]
146,874;139,346;inputSlaveNetwork=2 ;dayBackRange:0 ;interationNetworkMaster:100 ;periodCodePERIOD_CODE [code=60]
146,711;139,329;inputSlaveNetwork=2 ;dayBackRange:0 ;interationNetworkMaster:100 ;periodCodePERIOD_CODE [code=60]
147,27;139,326;inputSlaveNetwork=2 ;dayBackRange:0 ;interationNetworkMaster:100 ;periodCodePERIOD_CODE [code=60]
146,991;139,308;inputSlaveNetwork=2 ;dayBackRange:0 ;interationNetworkMaster:100 ;periodCodePERIOD_CODE [code=60]
146,955;139,304;inputSlaveNetwork=2 ;dayBackRange:0 ;interationNetworkMaster:100 ;periodCodePERIOD_CODE [code=60]
146,974;139,311;inputSlaveNetwork=2 ;dayBackRange:0 ;interationNetworkMaster:100 ;periodCodePERIOD_CODE [code=60]
147,033;139,295;inputSlaveNetwork=2 ;dayBackRange:0 ;interationNetworkMaster:100 ;periodCodePERIOD_CODE [code=60]
147,186;139,274;inputSlaveNetwork=2 ;dayBackRange:0 ;interationNetworkMaster:100 ;periodCodePERIOD_CODE [code=60]
147,244;139,278;inputSlaveNetwork=2 ;dayBackRange:0 ;interationNetworkMaster:100 ;periodCodePERIOD_CODE [code=60]
146,657;139,256;inputSlaveNetwork=2 ;dayBackRange:0 ;interationNetworkMaster:100 ;periodCodePERIOD_CODE [code=60]
147,014;139,215;inputSlaveNetwork=2 ;dayBackRange:0 ;interationNetworkMaster:100 ;periodCodePERIOD_CODE [code=60]
147,054;139,201;inputSlaveNetwork=2 ;dayBackRange:0 ;interationNetworkMaster:100 ;periodCodePERIOD_CODE [code=60]
147,213;139,191;inputSlaveNetwork=2 ;dayBackRange:0 ;interationNetworkMaster:100 ;periodCodePERIOD_CODE [code=60]
147,067;139,194;inputSlaveNetwork=2 ;dayBackRange:0 ;interationNetworkMaster:100 ;periodCodePERIOD_CODE [code=60]
146,94;139,189;inputSlaveNetwork=2 ;dayBackRange:0 ;interationNetworkMaster:100 ;periodCodePERIOD_CODE [code=60]
133,315;139,256;inputSlaveNetwork=2 ;dayBackRange:0 ;interationNetworkMaster:100 ;periodCodePERIOD_CODE [code=60]
133,618;139,316;inputSlaveNetwork=2 ;dayBackRange:0 ;interationNetworkMaster:100 ;periodCodePERIOD_CODE [code=60]
132,912;139,371;inputSlaveNetwork=2 ;dayBackRange:0 ;interationNetworkMaster:100 ;periodCodePERIOD_CODE [code=60]
132,449;139,367;inputSlaveNetwork=2 ;dayBackRange:0 ;interationNetworkMaster:100 ;periodCodePERIOD_CODE [code=60]
132,75;139,341;inputSlaveNetwork=2 ;dayBackRange:0 ;interationNetworkMaster:100 ;periodCodePERIOD_CODE [code=60]
133,424;139,384;inputSlaveNetwork=2 ;dayBackRange:0 ;interationNetworkMaster:100 ;periodCodePERIOD_CODE [code=60]
133,259;139,397;inputSlaveNetwork=2 ;dayBackRange:0 ;interationNetworkMaster:100 ;periodCodePERIOD_CODE [code=60]
134,303;139,428;inputSlaveNetwork=2 ;dayBackRange:0 ;interationNetworkMaster:100 ;periodCodePERIOD_CODE [code=60]
132,954;139,418;inputSlaveNetwork=2 ;dayBackRange:0 ;interationNetworkMaster:100 ;periodCodePERIOD_CODE [code=60]
133,415;139,444;inputSlaveNetwork=2 ;dayBackRange:0 ;interationNetworkMaster:100 ;periodCodePERIOD_CODE [code=60]
133,527;139,46;inputSlaveNetwork=2 ;dayBackRange:0 ;interationNetworkMaster:100 ;periodCodePERIOD_CODE [code=60]
134,064;139,459;inputSlaveNetwork=2 ;dayBackRange:0 ;interationNetworkMaster:100 ;periodCodePERIOD_CODE [code=60]
136,08;139,442;inputSlaveNetwork=2 ;dayBackRange:1 ;interationNetworkMaster:100 ;periodCodePERIOD_CODE [code=60]
133,573;139,438;inputSlaveNetwork=2 ;dayBackRange:0 ;interationNetworkMaster:100 ;periodCodePERIOD_CODE [code=60]
133,888;139,458;inputSlaveNetwork=2 ;dayBackRange:365 ;interationNetworkMaster:100 ;periodCodePERIOD_CODE [code=1]
137,003;139,473;inputSlaveNetwork=2 ;dayBackRange:1 ;interationNetworkMaster:100 ;periodCodePERIOD_CODE [code=1]
140,319;139,493;inputSlaveNetwork=2 ;dayBackRange:50 ;interationNetworkMaster:100 ;periodCodePERIOD_CODE [code=1440]
129,497;139,472;inputSlaveNetwork=2 ;dayBackRange:1 ;interationNetworkMaster:100 ;periodCodePERIOD_CODE [code=1440]
136,079;139,473;inputSlaveNetwork=2 ;dayBackRange:1 ;interationNetworkMaster:100 ;periodCodePERIOD_CODE [code=30]
133,848;139,43;inputSlaveNetwork=2 ;dayBackRange:0 ;interationNetworkMaster:100 ;periodCodePERIOD_CODE [code=60]
134,086;139,423;inputSlaveNetwork=2 ;dayBackRange:0 ;interationNetworkMaster:100 ;periodCodePERIOD_CODE [code=60]
133,044;139,395;inputSlaveNetwork=2 ;dayBackRange:0 ;interationNetworkMaster:100 ;periodCodePERIOD_CODE [code=60]
135,311;139,419;inputSlaveNetwork=2 ;dayBackRange:0 ;interationNetworkMaster:100 ;periodCodePERIOD_CODE [code=30]
130,574;139,473;inputSlaveNetwork=2 ;dayBackRange:50 ;interationNetworkMaster:100 ;periodCodePERIOD_CODE [code=43200]
132,373;139,465;inputSlaveNetwork=2 ;dayBackRange:50 ;interationNetworkMaster:100 ;periodCodePERIOD_CODE [code=43200]
127,962;139,48;inputSlaveNetwork=2 ;dayBackRange:200 ;interationNetworkMaster:100 ;periodCodePERIOD_CODE [code=43200]
127,818;139,476;inputSlaveNetwork=2 ;dayBackRange:200 ;interationNetworkMaster:100 ;periodCodePERIOD_CODE [code=43200]
136,986;139,469;inputSlaveNetwork=2 ;dayBackRange:5 ;interationNetworkMaster:100 ;periodCodePERIOD_CODE [code=60]
135,695;139,465;inputSlaveNetwork=2 ;dayBackRange:5 ;interationNetworkMaster:100 ;periodCodePERIOD_CODE [code=60]
135,837;139,473;inputSlaveNetwork=2 ;dayBackRange:5 ;interationNetworkMaster:100 ;periodCodePERIOD_CODE [code=60]
136,556;139,456;inputSlaveNetwork=2 ;dayBackRange:5 ;interationNetworkMaster:100 ;periodCodePERIOD_CODE [code=60]
136,05;139,384;inputSlaveNetwork=2 ;dayBackRange:1 ;interationNetworkMaster:100 ;periodCodePERIOD_CODE [code=60]
136,135;139,407;inputSlaveNetwork=2 ;dayBackRange:1 ;interationNetworkMaster:100 ;periodCodePERIOD_CODE [code=60]
136,204;139,402;inputSlaveNetwork=2 ;dayBackRange:1 ;interationNetworkMaster:100 ;periodCodePERIOD_CODE [code=60]
136,66;139,442;inputSlaveNetwork=2 ;dayBackRange:5 ;interationNetworkMaster:100 ;periodCodePERIOD_CODE [code=60]
8,299;139,465;inputSlaveNetwork=2 ;dayBackRange:5 ;interationNetworkMaster:100 ;periodCodePERIOD_CODE [code=60]
8,42;139,421;inputSlaveNetwork=2 ;dayBackRange:5 ;interationNetworkMaster:100 ;periodCodePERIOD_CODE [code=60]
137,85;139,406;inputSlaveNetwork=2 ;dayBackRange:5 ;interationNetworkMaster:100 ;periodCodePERIOD_CODE [code=60]
137,09;139,444;inputSlaveNetwork=2 ;dayBackRange:10 ;interationNetworkMaster:100 ;periodCodePERIOD_CODE [code=5]
137,577;139,437;inputSlaveNetwork=2 ;dayBackRange:10 ;interationNetworkMaster:100 ;periodCodePERIOD_CODE [code=5]
137,107;139,443;inputSlaveNetwork=2 ;dayBackRange:10 ;interationNetworkMaster:100 ;periodCodePERIOD_CODE [code=60]
136,61;139,448;inputSlaveNetwork=2 ;dayBackRange:10 ;interationNetworkMaster:100 ;periodCodePERIOD_CODE [code=60]
136,584;139,464;inputSlaveNetwork=2 ;dayBackRange:10 ;interationNetworkMaster:100 ;periodCodePERIOD_CODE [code=60]
136,731;139,445;inputSlaveNetwork=2 ;dayBackRange:10 ;interationNetworkMaster:100 ;periodCodePERIOD_CODE [code=60]
138,089;139,452;inputSlaveNetwork=2 ;dayBackRange:10 ;interationNetworkMaster:100 ;periodCodePERIOD_CODE [code=60]
137,973;139,424;inputSlaveNetwork=2 ;dayBackRange:10 ;interationNetworkMaster:100 ;periodCodePERIOD_CODE [code=60]
136,919;139,395;inputSlaveNetwork=2 ;dayBackRange:10 ;interationNetworkMaster:100 ;periodCodePERIOD_CODE [code=60]
137,449;139,374;inputSlaveNetwork=2 ;dayBackRange:10 ;interationNetworkMaster:100 ;periodCodePERIOD_CODE [code=60]
137,366;139,373;inputSlaveNetwork=2 ;dayBackRange:10 ;interationNetworkMaster:100 ;periodCodePERIOD_CODE [code=60]
137,898;139,351;inputSlaveNetwork=2 ;dayBackRange:10 ;interationNetworkMaster:100 ;periodCodePERIOD_CODE [code=60]
137,545;139,337;inputSlaveNetwork=2 ;dayBackRange:10 ;interationNetworkMaster:100 ;periodCodePERIOD_CODE [code=60]
136,391;139,338;inputSlaveNetwork=2 ;dayBackRange:10 ;interationNetworkMaster:100 ;periodCodePERIOD_CODE [code=60]
137,006;139,373;inputSlaveNetwork=2 ;dayBackRange:10 ;interationNetworkMaster:100 ;periodCodePERIOD_CODE [code=60]
137,286;139,344;inputSlaveNetwork=2 ;dayBackRange:10 ;interationNetworkMaster:100 ;periodCodePERIOD_CODE [code=60]
136,596;139,386;inputSlaveNetwork=2 ;dayBackRange:10 ;interationNetworkMaster:100 ;periodCodePERIOD_CODE [code=60]
137,284;139,393;inputSlaveNetwork=2 ;dayBackRange:10 ;interationNetworkMaster:100 ;periodCodePERIOD_CODE [code=60]
137,049;139,384;inputSlaveNetwork=2 ;dayBackRange:10 ;interationNetworkMaster:100 ;periodCodePERIOD_CODE [code=60]
138,041;139,386;inputSlaveNetwork=2 ;dayBackRange:10 ;interationNetworkMaster:100 ;periodCodePERIOD_CODE [code=60]
141,0;139,389;inputSlaveNetwork=2 ;dayBackRange:10 ;interationNetworkMaster:100 ;periodCodePERIOD_CODE [code=60]
140,879;139,396;inputSlaveNetwork=2 ;dayBackRange:10 ;interationNetworkMaster:100 ;periodCodePERIOD_CODE [code=60]
140,895;139,374;inputSlaveNetwork=1 ;dayBackRange:10 ;interationNetworkMaster:100 ;periodCodePERIOD_CODE [code=60]
140,876;139,38;inputSlaveNetwork=1 ;dayBackRange:10 ;interationNetworkMaster:100 ;periodCodePERIOD_CODE [code=60]
140,721;139,382;inputSlaveNetwork=1 ;dayBackRange:10 ;interationNetworkMaster:100 ;periodCodePERIOD_CODE [code=60]
140,962;139,386;inputSlaveNetwork=1 ;dayBackRange:10 ;interationNetworkMaster:100 ;periodCodePERIOD_CODE [code=60]
140,937;139,39;inputSlaveNetwork=1 ;dayBackRange:10 ;interationNetworkMaster:100 ;periodCodePERIOD_CODE [code=60]
140,973;139,396;inputSlaveNetwork=1 ;dayBackRange:10 ;interationNetworkMaster:100 ;periodCodePERIOD_CODE [code=60]
140,791;139,405;inputSlaveNetwork=1 ;dayBackRange:10 ;interationNetworkMaster:100 ;periodCodePERIOD_CODE [code=60]
137,497;139,407;inputSlaveNetwork=1 ;dayBackRange:10 ;interationNetworkMaster:100 ;periodCodePERIOD_CODE [code=60]
140,753;139,419;inputSlaveNetwork=1 ;dayBackRange:10 ;interationNetworkMaster:100 ;periodCodePERIOD_CODE [code=60]
136,789;139,422;inputSlaveNetwork=1 ;dayBackRange:10 ;interationNetworkMaster:100 ;periodCodePERIOD_CODE [code=60]
136,727;139,419;inputSlaveNetwork=1 ;dayBackRange:10 ;interationNetworkMaster:100 ;periodCodePERIOD_CODE [code=60]
136,503;139,404;inputSlaveNetwork=1 ;dayBackRange:10 ;interationNetworkMaster:100 ;periodCodePERIOD_CODE [code=60]
136,539;139,398;inputSlaveNetwork=1 ;dayBackRange:10 ;interationNetworkMaster:100 ;periodCodePERIOD_CODE [code=60]
140,964;139,398;inputSlaveNetwork=1 ;dayBackRange:10 ;interationNetworkMaster:100 ;periodCodePERIOD_CODE [code=60]
140,717;139,392;inputSlaveNetwork=1 ;dayBackRange:10 ;interationNetworkMaster:100 ;periodCodePERIOD_CODE [code=60]
141,482;139,394;inputSlaveNetwork=1 ;dayBackRange:1 ;interationNetworkMaster:100 ;periodCodePERIOD_CODE [code=1]
141,489;139,395;inputSlaveNetwork=1 ;dayBackRange:1 ;interationNetworkMaster:100 ;periodCodePERIOD_CODE [code=1]
141,387;139,377;inputSlaveNetwork=2 ;dayBackRange:1 ;interationNetworkMaster:100 ;periodCodePERIOD_CODE [code=1]
141,402;139,376;inputSlaveNetwork=20 ;dayBackRange:1 ;interationNetworkMaster:100 ;periodCodePERIOD_CODE [code=1]
142,392;139,393;inputSlaveNetwork=1 ;dayBackRange:5 ;interationNetworkMaster:100 ;periodCodePERIOD_CODE [code=1]
142,149;139,404;inputSlaveNetwork=1 ;dayBackRange:5 ;interationNetworkMaster:100 ;periodCodePERIOD_CODE [code=1]
142,381;139,413;inputSlaveNetwork=1 ;dayBackRange:5 ;interationNetworkMaster:100 ;periodCodePERIOD_CODE [code=1]
141,452;139,424;inputSlaveNetwork=1 ;dayBackRange:0 ;interationNetworkMaster:100 ;periodCodePERIOD_CODE [code=1]
141,551;139,446;inputSlaveNetwork=1 ;dayBackRange:0 ;interationNetworkMaster:100 ;periodCodePERIOD_CODE [code=1]
141,554;139,456;inputSlaveNetwork=1 ;dayBackRange:0 ;interationNetworkMaster:100 ;periodCodePERIOD_CODE [code=1]
141,522;139,429;inputSlaveNetwork=1 ;dayBackRange:0 ;interationNetworkMaster:100 ;periodCodePERIOD_CODE [code=1]
141,569;139,432;inputSlaveNetwork=1 ;dayBackRange:0 ;interationNetworkMaster:100 ;periodCodePERIOD_CODE [code=1]
140,44;139,424;inputSlaveNetwork=1 ;dayBackRange:0 ;interationNetworkMaster:100 ;periodCodePERIOD_CODE [code=1]
140,499;139,445;inputSlaveNetwork=1 ;dayBackRange:0 ;interationNetworkMaster:100 ;periodCodePERIOD_CODE [code=1]
141,344;139,46;inputSlaveNetwork=1 ;dayBackRange:0 ;interationNetworkMaster:100 ;periodCodePERIOD_CODE [code=1]
141,29;139,456;inputSlaveNetwork=1 ;dayBackRange:0 ;interationNetworkMaster:100 ;periodCodePERIOD_CODE [code=1]
141,456;139,454;inputSlaveNetwork=1 ;dayBackRange:0 ;interationNetworkMaster:100 ;periodCodePERIOD_CODE [code=1]
141,496;139,463;inputSlaveNetwork=1 ;dayBackRange:0 ;interationNetworkMaster:100 ;periodCodePERIOD_CODE [code=1]
141,342;139,462;inputSlaveNetwork=1 ;dayBackRange:0 ;interationNetworkMaster:100 ;periodCodePERIOD_CODE [code=1]
141,733;139,446;inputSlaveNetwork=1 ;dayBackRange:0 ;interationNetworkMaster:100 ;periodCodePERIOD_CODE [code=1]
141,402;139,436;inputSlaveNetwork=1 ;dayBackRange:0 ;interationNetworkMaster:100 ;periodCodePERIOD_CODE [code=1]
105,172;139,442;inputSlaveNetwork=1 ;dayBackRange:370 ;interationNetworkMaster:50 ;periodCodePERIOD_CODE [code=10080]
122,861;139,441;inputSlaveNetwork=1 ;dayBackRange:370 ;interationNetworkMaster:50 ;periodCodePERIOD_CODE [code=10080]
140,056;139,442;inputSlaveNetwork=1 ;dayBackRange:10 ;interationNetworkMaster:50 ;periodCodePERIOD_CODE [code=15]
140,013;139,444;inputSlaveNetwork=1 ;dayBackRange:10 ;interationNetworkMaster:50 ;periodCodePERIOD_CODE [code=15]
139,974;139,454;inputSlaveNetwork=1 ;dayBackRange:10 ;interationNetworkMaster:50 ;periodCodePERIOD_CODE [code=15]
140,753;139,473;inputSlaveNetwork=1 ;dayBackRange:20 ;interationNetworkMaster:50 ;periodCodePERIOD_CODE [code=15]